{
  "next-env.d.ts": 1776494762.24018,
  "src\\app\\layout.tsx": 1776494945.5220757,
  "src\\app\\page.tsx": 1776494958.6835632,
  "src\\app\\game\\[roomId]\\GameClient.tsx": 1776494908.6228652,
  "src\\app\\game\\[roomId]\\page.tsx": 1776493840.7893562,
  "src\\components\\Cell.tsx": 1776494822.8401923,
  "src\\components\\Grid.tsx": 1776494834.223817,
  "src\\lib\\gameLogic.ts": 1776493840.7973557,
  "src\\lib\\supabase.ts": 1776493840.7973557,
  "src\\lib\\types.ts": 1776493840.7973557,
  "README.md": 1776493840.7813616
}